gene_a,gene_b,auroc
EPAS1,TOP2A,0.7275212456171629
CDK1,EPAS1,0.7191715695013965
EPAS1,MKI67,0.7100493254887977
CCNB1,EPAS1,0.7030665002674273
PGK1,TOP2A,0.6971830985915493
CDK1,PGK1,0.6965591014441077
PDK1,TOP2A,0.6932311166577525
CXCR4,EPAS1,0.6909431271171332
PFKP,TOP2A,0.6886254234266358
CCNB1,PGK1,0.6873180008319962
CDK1,PFKP,0.6870802876329708
CCNB1,PFKP,0.6858322933380876
CDK1,PDK1,0.684703155642717
MCM2,TOP2A,0.6829500207999049
CDK1,KRT7,0.682444880251976
CDK1,SLC22A8,0.6815534557556308
SLC22A8,TOP2A,0.6811077435074583
ACTB,EPAS1,0.679354608664646
MKI67,SLC22A8,0.6772151898734178
CUBN,TOP2A,0.6751054852320675
MKI67,PDK1,0.674867772033042
KRT7,TOP2A,0.6743626314851132
EPAS1,RPL13A,0.6742437748856005
EPAS1,PCNA,0.6736197777381588
MKI67,PGK1,0.6735900635882807
CCNB1,PDK1,0.6730552088904735
LRP2,TOP2A,0.6717180721459559
BHLHE40,TOP2A,0.6710643608486362
CDK1,CUBN,0.6701135080525347
BHLHE40,CDK1,0.6698757948535092
MKI67,PFKP,0.6694300826053367
EPAS1,MMP9,0.6685089439591134
KRT7,MKI67,0.6680038034111844
CDK1,COL4A2,0.6678255185119153
ALB,CDK1,0.6670232364652048
ALB,TOP2A,0.665507814821418
DDIT4,EPAS1,0.6654186723717835
MCM2,MKI67,0.6651215308730017
CDK1,PAX2,0.6640815356272657
CDK1,SPP1,0.6636952516788495
CDK1,LRP2,0.6634278243299458
COL4A2,TOP2A,0.663249539430677
CUBN,MKI67,0.6631306828311643
CCNB1,KRT7,0.6631306828311642
ALDOA,CDK1,0.662239258334819
ALDOA,CCNB1,0.6621501158851846
BHLHE40,CCNB1,0.6620015451357937
ALB,MKI67,0.661704403637012
COL4A2,EPAS1,0.6614369762881085
CDK1,MCM2,0.6612586913888394
PAX2,TOP2A,0.6611992630890831
TOP2A,VEGFA,0.6608724074404231
LRP2,MKI67,0.6608129791406668
CDK1,VEGFA,0.6607238366910322
CALB1,CDK1,0.6591787008973673
CDK1,PKM,0.6589112735484638
AGXT,CDK1,0.6586735603494385
ENO2,EPAS1,0.6585249896000475
AGXT,TOP2A,0.6581387056516314
BHLHE40,MKI67,0.6573067094550424
MKI67,PAX2,0.6567718547572354
CCNB1,CUBN,0.65653414155821
CCNB1,SLC22A8,0.6563855708088192
PCNA,PGK1,0.6553752897129613
SPP1,TOP2A,0.6551078623640578
EPAS1,NDUFA4L2,0.6549295774647887
ALDOA,TOP2A,0.6542164378677127
ANGPTL4,EPAS1,0.6540975812682
MKI67,VEGFA,0.6530278718725857
EPAS1,GAPDH,0.6527901586735603
EPAS1,LDHA,0.6526118737742913
CALB1,MKI67,0.6525524454745351
EPAS1,HK2,0.6520770190764842
PKM,TOP2A,0.6518095917275807
AGXT,MKI67,0.651690735128068
COL4A2,MKI67,0.6508587389314793
CCNB1,LRP2,0.6502644559339157
CALB1,TOP2A,0.6497296012361086
EPAS1,LDHB,0.6486896059903726
CCNB1,VEGFA,0.6480953229928091
CCNB1,COL4A2,0.6477387531942711
CCNB1,PKM,0.6476198965947584
CDK1,SLC12A1,0.6464313305996316
ALB,CCNB1,0.6459261900517026
CCNB1,MCM2,0.6458370476020682
HK2,TOP2A,0.6436382005110833
CA12,TOP2A,0.6423902062162001
CDK1,ENO1,0.6423010637665656
CDK1,HK2,0.6422416354668093
ENO1,TOP2A,0.6420930647174186
EPAS1,SLC2A1,0.6419742081179058
CCNB1,PAX2,0.6417662090687586
CDK1,SLC2A1,0.6417067807690022
ALDOA,MKI67,0.6411124977714387
MKI67,SPP1,0.639775361026921
CA12,CDK1,0.6396267902775301
SLC12A1,TOP2A,0.6381410827836216
EPAS1,S100A4,0.6379925120342307
MKI67,SLC12A1,0.6379330837344744
CALB1,CCNB1,0.6379033695845961
CA9,CDK1,0.6374279431865454
CA12,CCNB1,0.6368633743388601
EPAS1,MCM2,0.6360016639923932
CCNB1,SPP1,0.6358828073928805
CDK1,LDHA,0.6348428121471443
SLC2A1,TOP2A,0.6347239555476317
CUBN,LDHB,0.6345159564984846
MKI67,PKM,0.6332679622036014
CCNB1,ENO1,0.6327628216556724
ACTB,KRT7,0.6326736792060379
LDHA,PGK1,0.6326439650561597
CA9,EPAS1,0.6326142509062815
CDK1,PCNA,0.6323468235573779
GAPDH,PGK1,0.6321982528079871
CCNB1,HK2,0.6319011113092055
CCNB1,SLC2A1,0.6317822547096927
PCNA,PFKP,0.6315148273607891
LDHA,TOP2A,0.6314256849111547
LDHB,LRP2,0.6314256849111547
CDK1,GAPDH,0.6307719736138349
HK2,MKI67,0.6305936887145659
CCNB1,LDHA,0.6289594104712665
CCNB1,SLC12A1,0.6282165567243122
AGXT,CCNB1,0.6281868425744339
PCNA,TOP2A,0.6281868425744339
ENO1,MKI67,0.6273845605277233
CA9,TOP2A,0.6261068520829619
LDHB,PAX2,0.6259879954834492
KRT7,LDHB,0.6257502822844239
KRT7,PCNA,0.625066856837226
LDHB,SLC22A8,0.6250074285374696
CDK1,DDIT4,0.6241754323408808
CUBN,RPL13A,0.6236702917929519
ANGPTL4,CUBN,0.6224222974980687
PCNA,SLC22A8,0.6223628691983123
PFKP,RPL13A,0.6217983003506269
DDIT4,TOP2A,0.6214120164022108
CCNB1,GAPDH,0.6211743032031853
CUBN,PCNA,0.6208474475545255
CXCR4,LRP2,0.6206988768051346
LDHB,PFKP,0.6205800202056219
CUBN,CXCR4,0.6201937362572056
CA12,MKI67,0.6200748796576929
EPAS1,SLC12A3,0.6199560230581803
ENO1,EPAS1,0.6191537410114696
MMP9,SLC22A8,0.619034884411957
CXCR4,VEGFA,0.6190051702620788
GAPDH,TOP2A,0.6184406014143935
ACTB,PFKP,0.6182920306650027
PTGER3,TOP2A,0.6177274618173174
ENO2,PFKP,0.6173114637190229
ACTB,SLC22A8,0.6171926071195104
MMP9,VEGFA,0.6168954656207287
ACTB,PGK1,0.6165686099720687
EPAS1,PKM,0.616271468473287
ALB,MMP9,0.6161823260236525
LRP2,PCNA,0.6161228977238962
CA9,MKI67,0.6159148986747489
CDK1,NDUFA4L2,0.615558328876211
CDK1,PAX8,0.6155583288762108
MMP9,PFKP,0.6153503298270636
CDK1,PTGER3,0.6149640458786474
ACTB,PAX2,0.6148154751292565
EPAS1,PTGER3,0.6143400487312058
ANGPTL4,LRP2,0.6139834789326678
CDK1,S100A4,0.6138051940333986
PCNA,PKM,0.6137754798835203
COL4A2,MMP9,0.6128840553871754
CUBN,NDUFA4L2,0.6126463421881501
CDK1,ENO2,0.612497771438759
CA9,CCNB1,0.6123194865394901
MKI67,PTGER3,0.6120223450407083
PCNA,PDK1,0.6116954893920485
MMP9,PGK1,0.6114874903429013
PAX2,S100A4,0.6113092054436322
MKI67,SLC2A1,0.6110714922446068
CXCR4,PAX2,0.6109526356450943
PAX2,PCNA,0.6106852082961907
ENO2,PDK1,0.6106257799964343
ALB,LDHB,0.6103583526475307
PAX8,TOP2A,0.6103583526475307
ENO2,LRP2,0.6103583526475307
HK2,PDK1,0.6099720686991145
ACTB,VEGFA,0.6096749272003329
ACTB,ALB,0.6095857847506982
ENO2,TOP2A,0.6092292149521603
LDHB,PDK1,0.609169786652404
LRP2,RPL13A,0.6087240744042313
LRP2,PAX8,0.6083675046056932
MMP9,PDK1,0.6082783621560587
ACTB,CUBN,0.6080406489570334
MKI67,PCNA,0.6079217923575206
CALB1,EPAS1,0.607624650858739
ANGPTL4,CDK1,0.6075057942592262
ACTB,BHLHE40,0.6073869376597136
CDK1,SLC12A3,0.6073275093599573
KRT7,MMP9,0.6070303678611755
CA9,CUBN,0.6070006537112973
HK2,PFKP,0.6069709395614192
LDHA,MKI67,0.6068817971117847
CCNB1,DDIT4,0.60679265466215
ACTB,LRP2,0.6066143697628811
CUBN,ENO2,0.6061389433648303
CUBN,MMP9,0.6060498009151959
MKI67,PAX8,0.6057526594164141
BHLHE40,PCNA,0.6055743745171451
MCM2,PGK1,0.605217804718607
EPAS1,SLC12A1,0.605039519819338
PAX2,PAX8,0.6050395198193379
ALB,PCNA,0.6048018066203127
MMP9,PAX2,0.6047720924704344
CUBN,S100A4,0.6046829500208
CXCR4,PFKP,0.6043858085220183
GAPDH,PFKP,0.6042372377726273
MKI67,SLC12A3,0.6042075236227492
ACTB,PDK1,0.6037320972246984
LRP2,MMP9,0.6035538123254294
ACTB,COL4A2,0.6034349557259167
CCNB1,PTGER3,0.6033160991264039
EPAS1,SPP1,0.6032863849765259
CXCR4,PDK1,0.6029298151779877
ACTB,AGXT,0.6028703868782315
ALDOA,RPL13A,0.6027812444285969
LRP2,NDUFA4L2,0.6025138170796933
LRP2,S100A4,0.6025138170796933
S100A4,TOP2A,0.6024841029298151
EPAS1,PAX8,0.6024246746300589
NDUFA4L2,SLC22A8,0.6023949604801806
AGXT,LDHB,0.6021275331312771
SLC12A3,TOP2A,0.6020383906816427
HK2,LRP2,0.6019195340821298
GAPDH,MKI67,0.6015332501337136
EPAS1,VEGFA,0.6012955369346883
PAX2,RPL13A,0.6012658227848101
CA9,LRP2,0.6011172520354192
GAPDH,SLC22A8,0.6008795388363939
PGK1,RPL13A,0.600730968087003
ALDOA,LDHB,0.6005823973376122
CALB1,LDHB,0.6002852558388304
LDHB,PGK1,0.6001366850894396
CUBN,GAPDH,0.6000178284899269
CCNB1,SLC12A3,0.5993046888928507
CUBN,PAX8,0.5991858322933381
CCNB1,ENO2,0.5989481190943127
ANGPTL4,TOP2A,0.5988292624948001
DDIT4,MKI67,0.5987698341950436
CCNB1,PCNA,0.5984132643965056
PDK1,RPL13A,0.5982944077969929
CA12,EPAS1,0.5982349794972366
LDHB,VEGFA,0.597789267249064
CALB1,PCNA,0.597610982349795
NDUFA4L2,TOP2A,0.597462411600404
RPL13A,SLC22A8,0.5970166993522315
ALB,CXCR4,0.596927556902597
EPAS1,PFKP,0.5968681286028407
PCNA,SLC12A1,0.5968087003030844
ACTB,ALDOA,0.5965115588043027
ENO2,MKI67,0.5964224163546681
ANGPTL4,PAX2,0.5964224163546681
NDUFA4L2,PFKP,0.5963629880549117
ENO2,VEGFA,0.5957984192072264
LDHA,PDK1,0.5956201343079575
ENO1,LDHB,0.5955904201580793
KRT7,S100A4,0.5955012777084447
ACTB,CALB1,0.5950555654602722
ALB,GAPDH,0.5949961371605158
AGXT,PCNA,0.5946395673619778
CUBN,HK2,0.5946395673619778
ALDOA,PCNA,0.5944612824627087
CDK1,RPL13A,0.5944315683128305
CUBN,LDHA,0.5936887145658762
KRT7,RPL13A,0.5935995721162417
ENO2,PGK1,0.593480715516729
ACTB,CDK1,0.5933321447673382
BHLHE40,EPAS1,0.59330243061746
ALB,RPL13A,0.5930647174184347
MKI67,S100A4,0.5929458608189219
MKI67,NDUFA4L2,0.5926784334700185
PFKP,SLC2A1,0.5923812919712367
AGXT,MMP9,0.5921138646223332
PCNA,VEGFA,0.592084150472455
ENO2,PAX2,0.591727580673917
CALB1,MMP9,0.5912818684257444
CXCR4,SLC22A8,0.5906578712783027
GAPDH,LRP2,0.5903013014797647
CA9,PFKP,0.5897664467819576
SLC2A1,VEGFA,0.5897367326320795
ACTB,SLC12A1,0.589647590182445
ANGPTL4,VEGFA,0.589499019433054
CCNB1,S100A4,0.5894395911332977
CUBN,DDIT4,0.5894098769834195
HK2,PGK1,0.5893504486836632
CCNB1,NDUFA4L2,0.5892018779342723
ALB,ENO2,0.5892018779342723
KRT7,SLC12A3,0.5889938788851251
BHLHE40,LDHB,0.588964164735247
ALB,S100A4,0.5886373090865871
ENO2,SLC22A8,0.5883104534379271
NDUFA4L2,PAX2,0.5883104534379271
CA12,MMP9,0.5882510251381707
LDHB,PKM,0.5882213109882926
BHLHE40,MMP9,0.58810245438878
NDUFA4L2,PDK1,0.5880727402389018
ENO1,PCNA,0.5878053128899983
CXCR4,PGK1,0.5877458845902419
RPL13A,VEGFA,0.5877161704403637
S100A4,SLC22A8,0.5874487430914601
LDHA,PFKP,0.5874190289415819
ANGPTL4,MKI67,0.5874190289415819
CDK1,CXCR4,0.5873298864919474
CCNB1,PAX8,0.5872110298924348
CALB1,CUBN,0.5870327449931658
LRP2,MCM2,0.5869436025435312
COL4A2,PCNA,0.5866761751946277
LDHA,PAX2,0.586557318595115
ACTB,PKM,0.5864681761454805
RPL13A,TOP2A,0.5864384619956023
SLC12A3,SLC22A8,0.5862304629464552
CXCR4,TOP2A,0.586200748796577
DDIT4,PFKP,0.5860224638973079
CUBN,MCM2,0.5860224638973078
ANGPTL4,CCNB1,0.5853687525999881
COL4A2,LDHB,0.5852201818505973
PAX8,SLC22A8,0.5851013252510845
DDIT4,VEGFA,0.5850716111012064
CXCR4,KRT7,0.5848933262019373
GAPDH,PDK1,0.5847150413026684
COL4A2,CXCR4,0.5846853271527901
MCM2,PFKP,0.584655613002912
BHLHE40,RPL13A,0.584477328103643
ALB,NDUFA4L2,0.5844476139537648
EPAS1,PGK1,0.5843287573542522
ALDOA,MMP9,0.5836453319070541
GAPDH,KRT7,0.583615617757176
GAPDH,PAX2,0.5832887621085161
AGXT,GAPDH,0.5824270517620491
LDHA,LRP2,0.5821001961133891
CCNB1,RPL13A,0.5819516253639984
PGK1,SLC2A1,0.5818030546146075
ACTB,TOP2A,0.5816544838652167
ACTB,MKI67,0.5811493433172876
PDK1,SLC2A1,0.5810304867177749
ALDOA,EPAS1,0.5808224876686279
ANGPTL4,PFKP,0.5807927735187496
CALB1,LRP2,0.5807927735187496
NDUFA4L2,VEGFA,0.5804956320199679
CA9,SLC22A8,0.5803173471206988
CUBN,SLC2A1,0.5801687763713079
CA9,PAX2,0.5801390622214299
ACTB,ENO1,0.5799607773221609
HK2,VEGFA,0.5799607773221608
NDUFA4L2,PGK1,0.5796339216735009
AGXT,RPL13A,0.5795150650739882
CUBN,PKM,0.5794556367742318
ANGPTL4,PDK1,0.5794259226243538
MMP9,SLC12A1,0.5794259226243538
HK2,PAX2,0.5792179235752065
LDHB,SPP1,0.5791584952754502
PAX2,PKM,0.5790099245260594
ENO2,KRT7,0.5788316396267903
ACTB,SPP1,0.5787722113270339
EPAS1,PDK1,0.5786830688773995
S100A4,VEGFA,0.5785642122778868
MCM2,PDK1,0.5785047839781303
DDIT4,PGK1,0.5784453556783741
LDHB,PTGER3,0.5783562132287394
CA12,PFKP,0.5771973613834909
GAPDH,VEGFA,0.5769893623343436
ALB,HK2,0.5765139359362929
HK2,SLC22A8,0.5763653651869021
MMP9,PTGER3,0.5763356510370239
CXCR4,MKI67,0.5763356510370239
DDIT4,LRP2,0.5763059368871456
CA9,PDK1,0.5762465085873893
MCM2,PAX2,0.5761573661377548
PAX8,PDK1,0.5758899387888512
CALB1,PAX2,0.575830510489095
PFKP,S100A4,0.5749688001426279
PCNA,SPP1,0.5746122303440899
AGXT,S100A4,0.5746122303440899
CUBN,SLC12A1,0.57428537469543
ANGPTL4,SLC22A8,0.5742259463956736
CUBN,ENO1,0.5740773756462827
LDHB,SLC12A1,0.5740476614964045
LRP2,SLC12A3,0.5739882331966483
ALB,EPAS1,0.5738693765971357
PFKP,PKM,0.5738396624472574
AGXT,ENO2,0.573780234147501
KRT7,NDUFA4L2,0.5737505199976229
CUBN,SLC12A3,0.5736613775479883
MCM2,SLC22A8,0.5734830926487193
DDIT4,PDK1,0.573423664348963
LDHA,VEGFA,0.5733642360492066
DDIT4,PAX2,0.5732750935995721
LDHA,SLC22A8,0.5730968087003032
KRT7,MCM2,0.5729482379509123
LRP2,SLC2A1,0.5728590955012778
MMP9,SLC2A1,0.5725916681523742
ENO1,PAX2,0.572561954002496
PAX8,PFKP,0.5723836691032269
CA9,MMP9,0.5723539549533487
MMP9,SPP1,0.572027099304689
MCM2,PCNA,0.5719973851548107
ENO1,MMP9,0.5718785285552981
CDK1,LDHB,0.5718488144054198
MKI67,RPL13A,0.5712842455577346
LRP2,SLC12A1,0.5711059606584655
SLC12A3,VEGFA,0.5711059606584655
AGXT,CXCR4,0.5710465323587093
ACTB,CCNB1,0.5707791050098057
CA9,LDHB,0.5706305342604148
ACTB,MCM2,0.5703928210613894
PDK1,S100A4,0.5702739644618768
ENO1,RPL13A,0.5697688239139478
CA12,LDHB,0.5695013965650443
ALB,LDHA,0.5694122541154097
ALB,DDIT4,0.569263683366019
CA12,PDK1,0.5691151126166281
CALB1,GAPDH,0.5691151126166281
EPAS1,SLC22A8,0.5691151126166281
BHLHE40,ENO2,0.5685208296190647
CALB1,RPL13A,0.568401973019552
DDIT4,MMP9,0.5681939739704047
CA12,PCNA,0.5681345456706484
MMP9,PKM,0.5679265466215012
SLC12A1,SLC22A8,0.567718547572354
COL4A2,ENO2,0.5674808343733286
CA9,PCNA,0.5671836928745468
ALDOA,GAPDH,0.5671836928745468
EPAS1,KRT7,0.5671242645747905
COL4A2,PAX2,0.5670648362750341
KRT7,PAX8,0.5669162655256433
LRP2,PKM,0.566856837225887
AGXT,EPAS1,0.5667676947762524
COL4A2,GAPDH,0.5666488381767397
CCNB1,CXCR4,0.5665894098769834
CALB1,CXCR4,0.5663814108278362
ALB,SLC12A3,0.565816841980151
PKM,RPL13A,0.5657574136803947
PAX2,SLC12A1,0.5656088429310038
MMP9,TOP2A,0.5655494146312474
PDK1,SLC12A3,0.5655197004813692
PKM,SLC22A8,0.5654008438818565
LRP2,PTGER3,0.5653711297319783
DDIT4,SLC22A8,0.5651928448327094
COL4A2,RPL13A,0.5651631306828311
CCNB1,LDHB,0.5651037023830747
KRT7,PKM,0.5650739882331967
ACTB,PTGER3,0.5650145599334403
ENO1,LRP2,0.5649254174838058
CA9,VEGFA,0.5649254174838058
ACTB,CA12,0.5648362750341712
HK2,KRT7,0.5648065608842932
ALB,PAX8,0.5647174184346586
ANGPTL4,MMP9,0.5646877042847804
CDK1,MMP9,0.564271706186486
HK2,MMP9,0.5642717061864859
BHLHE40,CXCR4,0.5642717061864859
HK2,LDHB,0.5642717061864859
HK2,PCNA,0.5641528495869733
BHLHE40,GAPDH,0.563915136387948
PFKP,SLC12A3,0.5637665656385571
PCNA,PTGER3,0.5637071373388007
GAPDH,SLC12A1,0.5635288524395317
AGXT,NDUFA4L2,0.5632614250906282
PGK1,S100A4,0.5632019967908718
MMP9,NDUFA4L2,0.5628454269923338
PAX2,PTGER3,0.5625779996434301
CALB1,ENO2,0.5624294288940394
AGXT,HK2,0.5621025732453795
LDHA,MMP9,0.5620728590955013
CUBN,PTGER3,0.5620431449456231
PFKP,SPP1,0.5619837166458668
DDIT4,KRT7,0.5619242883461104
ACTB,SLC2A1,0.5618945741962322
LRP2,SPP1,0.5617460034468413
ENO1,PFKP,0.5608842931003744
ALB,SLC2A1,0.560824864800618
ALB,ANGPTL4,0.560616865751471
LDHA,PCNA,0.56046829500208
PAX2,SLC12A3,0.5604385808522018
LDHB,SLC2A1,0.5602305818030545
ALB,MCM2,0.5601414393534201
BHLHE40,MCM2,0.5596957271052475
MCM2,MMP9,0.5596957271052475
CALB1,PDK1,0.5595471563558566
ENO1,GAPDH,0.559428299756344
CALB1,VEGFA,0.5594282997563439
AGXT,LDHA,0.5593391573067095
ALDOA,NDUFA4L2,0.5591014441076841
PCNA,SLC2A1,0.5589825875081714
BHLHE40,S100A4,0.558566589409877
CALB1,PFKP,0.558566589409877
RPL13A,SLC12A1,0.5585071611101207
CA12,LRP2,0.5584180186604861
ANGPTL4,PGK1,0.5582397337612172
ANGPTL4,LDHB,0.5580317347120699
CXCR4,NDUFA4L2,0.5579723064123135
ALDOA,CXCR4,0.5579425922624354
GAPDH,PKM,0.5576751649135319
ACTB,LDHA,0.5576751649135319
PAX8,VEGFA,0.5575860224638973
ACTB,CA9,0.5574077375646284
ALDOA,ENO2,0.5570808819159684
CUBN,SPP1,0.557021453616212
MKI67,MMP9,0.5568728828668212
AGXT,MCM2,0.5567243121174303
BHLHE40,SLC12A3,0.5565757413680394
AGXT,PAX2,0.5564568847685267
CA12,PGK1,0.5563083140191359
CALB1,SLC22A8,0.5561300291198669
KRT7,SLC2A1,0.5560408866702324
BHLHE40,NDUFA4L2,0.5558626017709634
CA9,PGK1,0.5558328876210853
CA9,CXCR4,0.5558328876210852
ALDOA,S100A4,0.555803173471207
COL4A2,S100A4,0.5557734593213288
COL4A2,CUBN,0.5556248885719379
LDHB,SLC12A3,0.5555951744220597
MCM2,VEGFA,0.5555060319724253
KRT7,LDHA,0.5554168895227907
LDHA,LDHB,0.5552386046235217
KRT7,SLC12A1,0.5549711772746181
PAX2,SPP1,0.55494146312474
CA12,CUBN,0.5548523206751055
DDIT4,LDHB,0.55461460747608
PGK1,PKM,0.5544957508765673
ENO1,LDHA,0.5542283235276638
AGXT,SLC12A3,0.5540500386283949
LDHB,TOP2A,0.553901467879004
ALB,CA9,0.5536934688298567
ACTB,DDIT4,0.5536340405301005
COL4A2,LRP2,0.5536340405301005
ENO2,SLC12A1,0.5536043263802223
ENO1,NDUFA4L2,0.5534260414809533
PTGER3,RPL13A,0.5534260414809533
LDHB,MCM2,0.553366613181197
PAX2,SLC2A1,0.5530991858322933
AGXT,DDIT4,0.5530694716824152
CXCR4,ENO1,0.5529506150829024
CA9,NDUFA4L2,0.5528911867831461
ALB,PKM,0.5526534735841208
PFKP,SLC12A1,0.5525940452843644
CXCR4,SPP1,0.5524751886848517
LDHB,S100A4,0.5524157603850954
ACTB,HK2,0.5524157603850953
CA12,CXCR4,0.55217804718607
S100A4,SPP1,0.5519403339870447
PAX8,PGK1,0.5518809056872882
ALDOA,PAX8,0.5517620490877756
ENO1,ENO2,0.5516134783383848
MMP9,SLC12A3,0.5514946217388721
SLC12A1,SLC12A3,0.5514351934391157
CCNB1,MMP9,0.5512569085398467
AGXT,LRP2,0.5512569085398467
ENO1,PGK1,0.5511974802400903
SLC22A8,SLC2A1,0.5511677660902121
ACTB,PAX8,0.5510786236405778
ALB,PAX2,0.5510489094906995
LDHB,PAX8,0.5509894811909432
CA9,RPL13A,0.5507814821417959
GAPDH,SPP1,0.5507517679919178
ANGPTL4,BHLHE40,0.550454626493136
CALB1,SLC12A3,0.5503357698936233
COL4A2,HK2,0.5502466274439888
BHLHE40,HK2,0.54974148689606
ANGPTL4,KRT7,0.5496523444464254
ALB,SLC12A1,0.5495037736970345
BHLHE40,PAX8,0.5492066321982528
CA12,RPL13A,0.5490580614488619
ENO1,PDK1,0.5489094906994711
BHLHE40,DDIT4,0.5488500623997148
CXCR4,PTGER3,0.5485826350508112
CALB1,S100A4,0.5485232067510549
ALB,LRP2,0.5485232067510548
AGXT,SLC2A1,0.5484637784512985
ALB,CUBN,0.5484043501515422
CXCR4,DDIT4,0.5483449218517858
BHLHE40,LDHA,0.5483152077019076
CA9,KRT7,0.5481072086527604
AGXT,CUBN,0.5480774945028822
COL4A2,NDUFA4L2,0.5479883520532478
ENO2,SPP1,0.5478100671539787
LDHB,NDUFA4L2,0.5477209247043442
GAPDH,PCNA,0.547512925655197
BHLHE40,SLC2A1,0.5474237832055625
PDK1,SPP1,0.547334640755928
CXCR4,SLC12A1,0.5473049266060498
AGXT,PAX8,0.5471266417067808
PKM,VEGFA,0.5470672134070245
ALDOA,MCM2,0.5470077851072681
DDIT4,RPL13A,0.5469483568075117
PDK1,PKM,0.5469186426576336
RPL13A,SPP1,0.5465917870089737
PCNA,S100A4,0.5465917870089737
ENO2,PKM,0.5464432162595828
ACTB,ANGPTL4,0.5463837879598265
RPL13A,SLC2A1,0.5463540738099484
LDHB,MKI67,0.546294645510192
PAX8,PCNA,0.5462352172104357
ALDOA,PFKP,0.5462352172104357
ALDOA,CUBN,0.5459975040114102
PDK1,SLC12A1,0.5459380757116539
DDIT4,PCNA,0.5459380757116539
ACTB,SLC12A3,0.5459380757116539
CA9,GAPDH,0.545611220062994
COL4A2,PFKP,0.545284364414334
CA12,VEGFA,0.5452249361145777
PGK1,SLC12A3,0.5451655078148214
ENO1,SLC22A8,0.5446306531170143
ALDOA,LDHA,0.5446009389671361
ENO2,MMP9,0.5445415106673798
PTGER3,S100A4,0.5444523682177453
ACTB,S100A4,0.5443632257681108
AGXT,ANGPTL4,0.5443335116182326
SLC12A1,VEGFA,0.5443037974683544
ALDOA,HK2,0.5440066559695727
ACTB,NDUFA4L2,0.54388779937006
ALDOA,LRP2,0.5438283710703037
CALB1,KRT7,0.5436500861710346
SLC22A8,SPP1,0.543204373922862
AGXT,PKM,0.5429369465739585
ALB,COL4A2,0.5428775182742022
LDHA,PKM,0.542847804124324
PGK1,SPP1,0.5427586616746896
MCM2,SLC12A1,0.5426992333749331
ANGPTL4,ENO1,0.5426398050751767
NDUFA4L2,SPP1,0.5425803767754205
EPAS1,LRP2,0.5425506626255422
ENO2,PTGER3,0.5424615201759079
CXCR4,MMP9,0.5420455220776134
CALB1,MCM2,0.5418969513282225
CALB1,NDUFA4L2,0.5418969513282225
COL4A2,DDIT4,0.5418672371783444
CA12,SLC22A8,0.5418078088785879
GAPDH,PTGER3,0.541629523979319
ANGPTL4,CXCR4,0.5413026683306591
ANGPTL4,PCNA,0.5412135258810246
CXCR4,PKM,0.540946098532121
PCNA,SLC12A3,0.5408866702323647
CA12,PAX2,0.5408569560824865
MMP9,PAX8,0.540589528733583
SPP1,VEGFA,0.5405301004338265
MCM2,RPL13A,0.5401735306352886
ALB,SPP1,0.5399952457360195
CA12,KRT7,0.539906103286385
CA9,ENO2,0.5397872466868723
NDUFA4L2,PKM,0.5396089617876033
CALB1,HK2,0.5394306768883342
ACTB,GAPDH,0.5394009627384561
ENO1,PAX8,0.5393712485885779
GAPDH,MMP9,0.5391335353895526
ALDOA,ANGPTL4,0.5391335353895526
CXCR4,HK2,0.5388363938907708
ENO1,VEGFA,0.5388363938907708
MMP9,S100A4,0.5387472514411362
CXCR4,MCM2,0.5386581089915018
ENO1,HK2,0.5385986806917453
ALB,CALB1,0.5384501099423545
ALDOA,DDIT4,0.5381529684435729
GAPDH,LDHB,0.5380638259939383
COL4A2,LDHA,0.5377369703452783
SLC12A3,SPP1,0.5376181137457657
HK2,SLC12A1,0.537469542996375
ALDOA,SLC12A3,0.5373804005467404
S100A4,SLC12A1,0.5373506863968622
BHLHE40,CA9,0.537320972246984
MKI67,TOP2A,0.5370832590479586
HK2,PKM,0.5367861175491769
COL4A2,PGK1,0.5367861175491768
LDHB,RPL13A,0.5367564033992986
PAX8,PTGER3,0.536637546799786
KRT7,SPP1,0.5363701194508825
ANGPTL4,SPP1,0.5361324062518571
COL4A2,SLC12A3,0.5359838355024663
CUBN,KRT7,0.5358946930528318
HK2,RPL13A,0.5354786949545374
ENO1,S100A4,0.5351815534557557
ALDOA,SLC22A8,0.5351815534557556
NDUFA4L2,SLC12A1,0.5347952695073395
HK2,SPP1,0.534557556308314
BHLHE40,PAX2,0.5344386997088013
CUBN,PFKP,0.5343495572591668
LDHA,RPL13A,0.5342604148095322
CALB1,LDHA,0.5341118440601414
LDHA,SPP1,0.5340524157603851
AGXT,SLC22A8,0.5339632733107506
AGXT,CA9,0.5337255601117252
ENO1,KRT7,0.5336661318119689
BHLHE40,PKM,0.5336364176620907
ALDOA,PDK1,0.5336364176620907
CXCR4,SLC2A1,0.5336364176620907
ALB,CA12,0.533517561062578
CALB1,PAX8,0.5334878469126998
HK2,PTGER3,0.5334581327628216
ENO2,LDHB,0.5334581327628216
COL4A2,KRT7,0.5333689903131873
ENO2,LDHA,0.5333689903131871
MCM2,PTGER3,0.5332798478635526
CA9,SLC12A3,0.5331907054139181
PAX8,SPP1,0.5331609912640398
NDUFA4L2,PTGER3,0.5331312771141618
ALB,ENO1,0.532982706364771
ALB,SLC22A8,0.5328341356153801
PKM,SLC2A1,0.5326855648659893
COL4A2,VEGFA,0.5324181375170856
BHLHE40,CUBN,0.5323884233672074
PAX8,SLC12A1,0.532299280917573
ALDOA,PAX2,0.5322101384679385
PDK1,PTGER3,0.5320615677185476
CXCR4,LDHB,0.5319724252689131
CXCR4,PAX8,0.5315564271706187
DDIT4,ENO1,0.531467284720984
PAX2,PGK1,0.5311107149224461
MMP9,RPL13A,0.5309918583229334
COL4A2,MCM2,0.5309621441730552
CALB1,PKM,0.5308432875735425
CUBN,VEGFA,0.5308135734236643
CA12,GAPDH,0.5308135734236643
PTGER3,SLC12A3,0.530754145123908
ANGPTL4,COL4A2,0.530754145123908
ENO1,MCM2,0.5307244309740298
CA12,ENO1,0.5306352885243952
BHLHE40,COL4A2,0.530575860224639
NDUFA4L2,RPL13A,0.5303678611754918
COL4A2,SLC22A8,0.5303381470256137
NDUFA4L2,PCNA,0.5302787187258573
ACTB,ENO2,0.5302192904261009
CA9,COL4A2,0.5301004338265882
ANGPTL4,CA9,0.5300112913769537
AGXT,COL4A2,0.5298627206275628
PKM,SLC12A1,0.5298330064776846
LDHA,SLC12A1,0.5296547215784156
MCM2,PKM,0.529535864978903
ANGPTL4,PTGER3,0.5293872942295121
ALDOA,PGK1,0.5293278659297558
ANGPTL4,S100A4,0.5290604385808522
PGK1,PTGER3,0.5290010102810959
CUBN,PDK1,0.5289415819813394
DDIT4,ENO2,0.5287335829321923
ALDOA,SLC2A1,0.5287335829321922
CA9,ENO1,0.5286741546324358
AGXT,SPP1,0.5285850121828015
MCM2,NDUFA4L2,0.5285552980329233
PAX2,PFKP,0.5285552980329233
KRT7,LRP2,0.5285255838830452
EPAS1,PAX2,0.5283175848338979
HK2,PAX8,0.5282284423842634
CUBN,EPAS1,0.5281987282343853
CA9,DDIT4,0.5281987282343852
AGXT,ENO1,0.5281987282343852
CA12,PKM,0.5280204433351162
HK2,S100A4,0.5277827301360909
CA12,PAX8,0.5276935876864562
BHLHE40,SLC22A8,0.5275153027871873
ANGPTL4,RPL13A,0.5271884471385273
SLC12A1,SLC2A1,0.5271587329886492
CALB1,SLC12A1,0.5271290188387711
COL4A2,SPP1,0.5270695905390147
BHLHE40,LRP2,0.5269210197896238
GAPDH,LDHA,0.5268615914898676
CCNB1,CDK1,0.5268318773399893
GAPDH,SLC2A1,0.5268318773399893
BHLHE40,VEGFA,0.5267130207404767
ACTB,CXCR4,0.5264753075414513
CA9,S100A4,0.5263564509419385
SLC2A1,SPP1,0.5261781660426694
PFKP,PTGER3,0.5258513103940097
CA12,S100A4,0.5258215962441315
CXCR4,LDHA,0.5257621679443751
PKM,S100A4,0.5255541688952279
LRP2,SLC22A8,0.5251381707969336
AGXT,SLC12A1,0.5249301717477863
ALDOA,SPP1,0.5247221726986391
PFKP,VEGFA,0.5244250311998574
ENO2,MCM2,0.5243061746003447
DDIT4,PKM,0.5240981755511975
KRT7,PAX2,0.5240981755511974
ALDOA,PKM,0.5239198906519285
RPL13A,SLC12A3,0.5238307482022939
LRP2,PDK1,0.5237713199025377
S100A4,SLC2A1,0.5236227491531468
ALDOA,CA9,0.5236227491531468
ALDOA,VEGFA,0.5234444642538777
CA9,SPP1,0.5234147501039995
COL4A2,PAX8,0.5233850359541213
AGXT,CALB1,0.5232958935044869
PAX2,SLC22A8,0.5232067510548524
ALDOA,KRT7,0.523147322755096
DDIT4,S100A4,0.523147322755096
COL4A2,PDK1,0.5229690378558269
DDIT4,GAPDH,0.5228501812563142
DDIT4,PTGER3,0.522820467106436
NDUFA4L2,PAX8,0.522642182207167
CA12,CALB1,0.5225827539074107
PAX8,PKM,0.5224936114577763
PTGER3,VEGFA,0.5224044690081417
GAPDH,NDUFA4L2,0.522285612408629
BHLHE40,CA12,0.5219884709098472
BHLHE40,PDK1,0.5219587567599692
ACTB,RPL13A,0.5217804718607
CA9,LDHA,0.5217507577108219
CALB1,SLC2A1,0.5217507577108218
CALB1,DDIT4,0.521572472811553
LRP2,VEGFA,0.5213644737624057
DDIT4,SLC12A1,0.5211564747132584
GAPDH,HK2,0.5210970464135021
CALB1,PTGER3,0.5210376181137457
AGXT,CA12,0.5208890473643549
ENO2,PCNA,0.5206810483152077
GAPDH,RPL13A,0.5206513341653295
MCM2,SPP1,0.5204433351161823
ANGPTL4,PKM,0.5204136209663042
AGXT,ALB,0.520383906816426
CA9,SLC2A1,0.520383906816426
CA12,ENO2,0.5202947643667915
BHLHE40,SPP1,0.5202650502169134
CUBN,LRP2,0.520027337017888
BHLHE40,SLC12A1,0.5199976228680097
CXCR4,ENO2,0.5199679087181316
PAX8,S100A4,0.519878766268497
COL4A2,SLC2A1,0.5198490521186189
CA12,SLC12A3,0.5198193379687407
ALDOA,CA12,0.5198193379687407
ALB,VEGFA,0.5198193379687407
CUBN,SLC22A8,0.5196707672193499
CA12,NDUFA4L2,0.5196113389195935
AGXT,PFKP,0.5195816247697154
PTGER3,SLC12A1,0.5194330540203245
LRP2,PGK1,0.5193736257205682
S100A4,SLC12A3,0.519165626671421
CXCR4,S100A4,0.5190764842217865
ENO2,HK2,0.518660486123492
PAX2,PDK1,0.518660486123492
CDK1,MKI67,0.5186010578237357
ENO2,RPL13A,0.5185416295239793
CA12,COL4A2,0.518482201224223
CXCR4,SLC12A3,0.5183633446247102
PTGER3,SLC22A8,0.5183336304748322
ANGPTL4,CA12,0.5182742021750757
CA9,CALB1,0.5181850597254412
ANGPTL4,MCM2,0.5180662031259285
ALB,PGK1,0.5179473465264159
PAX8,RPL13A,0.5179473465264158
AGXT,KRT7,0.5176799191775123
PGK1,SLC12A1,0.5173530635288524
BHLHE40,KRT7,0.5172936352290962
BHLHE40,PGK1,0.5170262078801926
CA9,PTGER3,0.5169667795804362
LRP2,PFKP,0.5168479229809235
CA9,HK2,0.5167884946811672
PGK1,SLC22A8,0.516758780531289
ALB,PDK1,0.5166696380816544
ALDOA,CALB1,0.5163427824329946
GAPDH,SLC12A3,0.51625363998336
BHLHE40,ENO1,0.5161644975337256
PTGER3,SPP1,0.5160456409342129
MMP9,PCNA,0.5159564984845784
NDUFA4L2,SLC2A1,0.5159267843347002
ALB,ALDOA,0.515897070184822
CUBN,PGK1,0.5158673560349438
HK2,SLC2A1,0.515718785285553
CA12,SLC2A1,0.5156890711356747
DDIT4,HK2,0.5155999286860403
SLC12A3,SLC2A1,0.5155702145361621
ANGPTL4,ENO2,0.5155405003862839
PCNA,RPL13A,0.5153919296368931
AGXT,VEGFA,0.5152433588875023
ANGPTL4,GAPDH,0.5152433588875022
AGXT,PTGER3,0.5152136447376241
GAPDH,MCM2,0.5152136447376241
CA12,LDHA,0.5152136447376241
ENO1,SLC2A1,0.514857074939086
KRT7,PTGER3,0.5148273607892079
CA12,SPP1,0.5147976466393296
BHLHE40,CALB1,0.514678790039817
ENO2,SLC2A1,0.5145302192904261
PKM,PTGER3,0.5144113626909135
CA12,DDIT4,0.5142925060914008
CCNB1,TOP2A,0.5142330777916444
COL4A2,PKM,0.5142033636417662
ALDOA,COL4A2,0.5142033636417662
DDIT4,SPP1,0.5141142211921317
PDK1,VEGFA,0.5139656504427408
KRT7,PGK1,0.5137873655434718
HK2,SLC12A3,0.5136090806442026
DDIT4,MCM2,0.5131039400962739
MCM2,S100A4,0.5130742259463956
LDHA,PTGER3,0.5129553693468829
CALB1,PGK1,0.5128959410471267
ENO1,SLC12A3,0.5128959410471267
CXCR4,PCNA,0.512628513698223
CA9,MCM2,0.5123908004991977
ENO1,PKM,0.512271943899685
PAX2,VEGFA,0.5121828014500505
ANGPTL4,SLC12A1,0.5120639448505379
BHLHE40,PFKP,0.5118856599512688
GAPDH,S100A4,0.5118559458013907
ANGPTL4,CALB1,0.5117668033517561
KRT7,SLC22A8,0.5117370892018779
PTGER3,SLC2A1,0.5116776609021216
CALB1,SPP1,0.5115588043026089
DDIT4,SLC12A3,0.5114993760028526
NDUFA4L2,S100A4,0.5113210911035835
AGXT,ALDOA,0.5110536637546801
ALDOA,BHLHE40,0.51105366375468
CA12,SLC12A1,0.5109348071551674
DDIT4,LDHA,0.5109050930052892
PKM,SLC12A3,0.510875378855411
CA12,CA9,0.510875378855411
PGK1,VEGFA,0.5108159505556545
LDHA,S100A4,0.5106079515065074
PAX8,SLC2A1,0.5106079515065074
CA9,PKM,0.5105782373566292
ENO2,NDUFA4L2,0.5103108100077257
AGXT,PDK1,0.5103108100077256
LRP2,PAX2,0.5102810958578474
HK2,LDHA,0.5097165270101622
ANGPTL4,SLC2A1,0.5095679562607713
LDHB,PCNA,0.5093599572116241
CCNB1,MKI67,0.5088548166636953
ALDOA,SLC12A1,0.5088251025138171
KRT7,VEGFA,0.5087656742140607
COL4A2,PTGER3,0.5087359600641825
ACTB,LDHB,0.508646817614548
KRT7,PDK1,0.5084982468651572
CA12,HK2,0.508468532715279
SLC12A1,SPP1,0.5083793902656445
ANGPTL4,DDIT4,0.5082011053663754
ENO2,PAX8,0.5082011053663754
DDIT4,PAX8,0.5082011053663754
CUBN,PAX2,0.5081713912164972
PDK1,SLC22A8,0.5080525346169846
ENO1,PTGER3,0.5076068223688119
ANGPTL4,SLC12A3,0.5075176799191775
ENO2,GAPDH,0.5075176799191774
RPL13A,S100A4,0.5074879657692993
HK2,NDUFA4L2,0.5072799667201522
ALB,PTGER3,0.507250252570274
ACTB,MMP9,0.5065073988233197
LDHA,SLC2A1,0.5064479705235634
CDK1,TOP2A,0.506210257324538
CA9,PAX8,0.5061805431746598
ALB,BHLHE40,0.5060319724252689
DDIT4,SLC2A1,0.5058536875259998
PKM,SPP1,0.5055862601770963
CA12,MCM2,0.5054376894277055
ANGPTL4,NDUFA4L2,0.5053188328281928
ENO2,S100A4,0.5051405479289237
SLC22A8,VEGFA,0.5045759790812385
PDK1,PGK1,0.5045462649313603
ALB,KRT7,0.5044571224817258
NDUFA4L2,SLC12A3,0.5044571224817258
AGXT,BHLHE40,0.5044274083318476
PDK1,PFKP,0.5043679800320913
MCM2,SLC2A1,0.504159980982944
BHLHE40,PTGER3,0.5040114102335532
MCM2,SLC12A3,0.5037142687347715
COL4A2,ENO1,0.5035656979853806
CXCR4,GAPDH,0.5035359838355025
PFKP,PGK1,0.5034171272359899
LDHA,NDUFA4L2,0.5034171272359897
ANGPTL4,PAX8,0.5031794140369643
CXCR4,RPL13A,0.5029119866880609
CA12,PTGER3,0.5026742734890355
ACTB,PCNA,0.5025257027396446
GAPDH,PAX8,0.5024959885897664
KRT7,PFKP,0.5024662744398883
ENO1,SPP1,0.5019314197420812
ALDOA,PTGER3,0.5018719914423249
LDHA,SLC12A3,0.5018422772924466
LDHA,PAX8,0.5017828489926903
ALB,PFKP,0.5017531348428121
ENO1,SLC12A1,0.5015154216437867
ENO2,SLC12A3,0.5014262791941523
CA9,SLC12A1,0.5013965650442741
LDHA,MCM2,0.5013965650442741
COL4A2,SLC12A1,0.5013371367445177
ALDOA,ENO1,0.5013074225946396
PFKP,SLC22A8,0.501218280145005
CALB1,COL4A2,0.5011885659951268
ANGPTL4,HK2,0.5011588518452487
HK2,MCM2,0.5010399952457361
AGXT,PGK1,0.5009508527961014
DDIT4,NDUFA4L2,0.5008319961965888
ANGPTL4,LDHA,0.5007131395970761
MCM2,PAX8,0.5006239971474415
LDHB,MMP9,0.5004754263980508
PAX8,SLC12A3,0.5003862839484162
CALB1,ENO1,0.5001188565995127
